id_transaccion,fecha,cliente_id,tipo_transaccion,monto,moneda,estado,sucursal
1,2024-10-23,CLI065,TRANSFERENCIA,2652.31,,RECHAZADA,Colon
2,2024-03-24,  CLI005  ,TRANSFERENCIA,2153.49,USD,,Centro 
3,2024-01-04,  CLI043  , DEPOSITO ,1225.02,USD,APROBADA,Panama Viejo
4,2024-08-04,CLI067,retiro,-99.53,USD,,
5,2024-11-13,CLI078,TRANSFERENCIA,4224.53,PAN,,Panama Viejo
6,05/07/2024,CLI018,TRANFERENCIA,2292.91,,RECHAZADA,Centro 
7,23/07/2024,CLI079,TRANFERENCIA,$4611.22,,PENDIENTE,  Los Santos
8,2024-03-12,CLI051,TRANSFERENCIA,2333.04,USD,APROBADA,Panama Viejo
9,22/03/2024,CLI095,TRANFERENCIA,$2157.87,,,
10,2024-12-08,CLI076,TRANSFERENCIA,1079.2,,RECHAZADA,Panama Viejo
11,15/01/2024,CLI066,RETIRO,$1874.48,EUR,,Colon
12,2024-04-20,CLI091,TRANFERENCIA,2758.83,USD,,Centro 
13,2024-11-05,CLI061,TRANFERENCIA,732.67,,APROBADA,
14,07/03/2024,CLI048,TRANSFERENCIA,1887.59,USD,PENDIENTE,Colon
15,22/01/2024,CLI015,RETIRO,1241.2,,,Centro 
16,19/04/2024,CLI075, DEPOSITO ,1121.77,,DESCONOCIDO,Panama Viejo
17,2024-11-21,CLI093,DEPOSITO,4540.77,,,Centro 
18,2024-02-06,CLI081, DEPOSITO ,3391.67,EUR,PENDIENTE,Centro 
19,2024-03-02,  CLI061  ,retiro,3688.93,PAN,DESCONOCIDO,Centro 
20,2024-08-17,CLI084,RETIRO,2005.81,,,Colon
21,2024-03-04,CLI100,TRANSFERENCIA,830.28,USD,PENDIENTE,Centro 
22,2024-02-04,CLI030,retiro,3148.15,,RECHAZADA,Panama Viejo
23,23/03/2024,CLI075,DEPOSITO,1287.88,,RECHAZADA,  Los Santos
24,2024-05-07,CLI068,TRANFERENCIA,857.73,USD,APROBADA,  Los Santos
25,23/02/2024,CLI080,RETIRO,$257.66,USD,,  Los Santos
26,2024-09-01,CLI049,deposito,848.28,,APROBADA,
27,2024-07-05,  CLI088  ,DEPOSITO,$1353.28,,,  Los Santos
28,2024-11-28,CLI074,TRANFERENCIA,3608.25,EUR,RECHAZADA,Centro 
29,2024-04-22,CLI015,retiro,668.49,,,  Los Santos
30,23/01/2024,  CLI057  ,retiro,1643.76,,,
31,08/02/2024,CLI020,DEPOSITO,3977.26,,RECHAZADA,  Los Santos
32,2024-11-23,CLI027,retiro,2264.79,PAN,PENDIENTE,Centro 
33,2024-08-24,CLI100,TRANSFERENCIA,1584.27,,,
34,2024-05-14,CLI061,TRANSFERENCIA,4753.38,PAN,PENDIENTE,Centro 
35,2024-08-08,CLI095,deposito,$3880.51,USD,RECHAZADA,Panama Viejo
36,2024-12-12,CLI091,deposito,$2356.03,,,  Los Santos
37,2024-04-07,  CLI027  ,RETIRO,4191.85,PAN,APROBADA,
38,10/10/2024,CLI085,retiro,4124.09,EUR,RECHAZADA,Colon
39,2024-07-13,CLI049,retiro,$3843.05,PAN,PENDIENTE,Colon
40,05/02/2024,CLI023,TRANSFERENCIA,3833.25,,DESCONOCIDO,Panama Viejo
41,2024-07-08,CLI069,retiro,3661.86,PAN,,
42,12/04/2024,CLI046,retiro,$2309.56,EUR,RECHAZADA,Colon
43,2024-12-19,CLI093,RETIRO,2557.81,USD,DESCONOCIDO,Panama Viejo
44,2024-12-26,CLI089,retiro,2311.41,USD,,
45,2024-11-28,CLI062,DEPOSITO,1491.76,,APROBADA,Centro 
46,2024-03-22,  CLI032  , DEPOSITO ,3108.74,EUR,RECHAZADA,
47,28/06/2024,CLI039,DEPOSITO,$4687.73,PAN,PENDIENTE,  Los Santos
48,2024-11-01,CLI039, DEPOSITO ,1191.89,EUR,PENDIENTE,  Los Santos
49,2024-11-24,CLI091,DEPOSITO,913.49,EUR,APROBADA,Panama Viejo
50,2024-05-22,CLI091,DEPOSITO,4304.65,PAN,,
51,2024-12-25,CLI062,DEPOSITO,475.94,,,Colon
52,19/04/2024,CLI093,RETIRO,1555.02,PAN,APROBADA,Colon
53,08/05/2024,CLI016,RETIRO,1308.11,EUR,,
54,2024-08-27,CLI070,RETIRO,$3947.83,,DESCONOCIDO,Colon
55,2024-05-18,CLI051,deposito,$219.55,,DESCONOCIDO,Centro 
56,2024-01-08,CLI099,RETIRO,2323.88,,PENDIENTE,Centro 
57,15/05/2024,CLI038,retiro,1794.13,,RECHAZADA,Colon
58,2024-09-01,  CLI092  ,TRANSFERENCIA,$796.92,PAN,RECHAZADA,Centro 
59,2024-08-27,  CLI057  ,DEPOSITO,$3097.04,,DESCONOCIDO,Centro 
60,2024-05-22,CLI096,deposito,4984.56,,,  Los Santos
61,2024-11-25,CLI026,RETIRO,204.85,USD,PENDIENTE,Panama Viejo
62,2024-05-30,CLI035,TRANFERENCIA,3476.77,,,Centro 
63,2024-05-14,CLI090,TRANSFERENCIA,541.72,,,Panama Viejo
64,17/04/2024,CLI014,DEPOSITO,4906.55,,DESCONOCIDO,
65,03/12/2024,CLI076,retiro,3759.16,,,Panama Viejo
66,2024-01-30,CLI007,TRANFERENCIA,2137.47,,RECHAZADA,  Los Santos
67,2024-03-08,CLI068, DEPOSITO ,3415.17,,,Panama Viejo
68,2024-04-07,CLI030,retiro,587.13,,DESCONOCIDO,Panama Viejo
69,2024-01-04,  CLI053  ,RETIRO,2375.04,PAN,,Centro 
70,2024-03-05,CLI061,DEPOSITO,1403.04,EUR,PENDIENTE,
71,15/05/2024,  CLI099  ,deposito,867.86,PAN,APROBADA,Panama Viejo
72,07/02/2024,  CLI071  , DEPOSITO ,1673.09,,PENDIENTE,Colon
73,2024-04-25,CLI021,DEPOSITO,1304.15,PAN,,  Los Santos
74,2024-05-08,CLI061,RETIRO,4563.82,,APROBADA,Colon
75,2024-03-02,CLI026,RETIRO,251.27,USD,RECHAZADA,
76,10/06/2024,CLI037,TRANFERENCIA,1407.93,,APROBADA,
77,2024-09-06,CLI083,TRANSFERENCIA,1772.27,,RECHAZADA,
78,2024-04-19,  CLI099  ,deposito,$3193.75,PAN,RECHAZADA,  Los Santos
79,2024-09-29,  CLI074  ,DEPOSITO,846.22,,,
80,2024-04-21,CLI095,RETIRO,$4285.58,PAN,RECHAZADA,
81,2024-05-18,CLI005,DEPOSITO,1117.81,,,Colon
82,2024-01-17,CLI023,TRANSFERENCIA,3257.28,PAN,DESCONOCIDO,  Los Santos
83,2024-11-12,CLI023, DEPOSITO ,1876.2,USD,RECHAZADA,Centro 
84,2024-03-19,CLI005,TRANSFERENCIA,2437.5,,,Centro 
85,17/03/2024,CLI051, DEPOSITO ,3026.5,PAN,RECHAZADA,Panama Viejo
86,2024-02-10,CLI024,DEPOSITO,3168.61,PAN,RECHAZADA,
87,2024-10-19,CLI038, DEPOSITO ,$2620.77,,DESCONOCIDO,Centro 
88,2024-08-02,CLI002,DEPOSITO,$4177.61,,PENDIENTE,Centro 
89,2024-10-11,CLI078, DEPOSITO ,$4368.73,,APROBADA,Panama Viejo
90,05/01/2024,  CLI043  ,retiro,2375.39,,APROBADA,Colon
91,2024-09-05,CLI083,RETIRO,$2859.35,,APROBADA,Colon
92,2024-07-27,CLI064,TRANSFERENCIA,3255.4,EUR,RECHAZADA,
93,23/01/2024,CLI018,deposito,3476.7,USD,RECHAZADA,
94,16/09/2024,CLI060,retiro,1768.41,,,Colon
95,2024-02-10,CLI015,TRANFERENCIA,261.46,,,Colon
96,2024-05-18,CLI094,DEPOSITO,964.56,,APROBADA,Panama Viejo
97,2024-04-01,CLI033, DEPOSITO ,4437.81,EUR,APROBADA,Colon
98,2024-06-01,CLI002,RETIRO,$4007.09,EUR,RECHAZADA,Colon
99,2024-09-05,CLI038,TRANSFERENCIA,$2794.52,,RECHAZADA,
100,2024-02-05,CLI097,TRANFERENCIA,2021.36,,DESCONOCIDO,
101,2024-10-03,  CLI079  ,RETIRO,3513.01,,,Panama Viejo
102,2024-05-02,CLI052,TRANSFERENCIA,1255.66,,PENDIENTE,Colon
103,2024-08-22,CLI066, DEPOSITO ,$361.24,,,Panama Viejo
104,2024-09-28,CLI052, DEPOSITO ,4717.48,,RECHAZADA,
105,05/02/2024,CLI024,retiro,395.31,EUR,APROBADA,Panama Viejo
106,2024-02-22,CLI062, DEPOSITO ,2611.47,PAN,DESCONOCIDO,Panama Viejo
107,27/06/2024,CLI032,DEPOSITO,2583.58,,DESCONOCIDO,Panama Viejo
108,2024-10-14,  CLI050  ,retiro,3089.16,,APROBADA,Panama Viejo
109,2024-05-28,CLI097,DEPOSITO,3720.89,,,  Los Santos
110,2024-04-05,CLI043,TRANFERENCIA,438.12,EUR,PENDIENTE,Panama Viejo
111,2024-08-24,CLI093,RETIRO,1725.61,USD,,
112,24/03/2024,CLI034,TRANSFERENCIA,3292.74,USD,APROBADA,
113,2024-03-19,CLI089,retiro,750.73,,DESCONOCIDO,
114,2024-11-19,CLI086, DEPOSITO ,1947.94,,RECHAZADA,Colon
115,2024-10-26,  CLI040  ,retiro,706.7,,RECHAZADA,Panama Viejo
116,2024-05-18,  CLI088  ,RETIRO,2159.36,USD,,Panama Viejo
117,17/04/2024,CLI091,TRANSFERENCIA,1507.29,EUR,,
118,2024-01-08,CLI089,TRANSFERENCIA,1555.74,,DESCONOCIDO,Panama Viejo
119,14/07/2024,  CLI038  ,DEPOSITO,3797.34,PAN,DESCONOCIDO,
120,2024-12-03,CLI029,retiro,3601.93,USD,DESCONOCIDO,Colon
121,27/02/2024,CLI018, DEPOSITO ,2772.04,USD,DESCONOCIDO,  Los Santos
122,2024-09-20,CLI059,TRANFERENCIA,3805.11,EUR,DESCONOCIDO,Centro 
123,26/11/2024,CLI078,DEPOSITO,1195.85,,APROBADA,
124,2024-03-20,CLI090,TRANFERENCIA,2182.25,,APROBADA,Colon
125,13/05/2024,CLI061,DEPOSITO,3604.2,,DESCONOCIDO,
126,2024-01-13,CLI086,TRANSFERENCIA,2938.39,,,Colon
127,21/05/2024,CLI098,DEPOSITO,4966.4,,RECHAZADA,  Los Santos
128,2024-12-10,CLI097,RETIRO,1431.7,,PENDIENTE,  Los Santos
129,2024-04-29,CLI011,TRANSFERENCIA,4264.17,PAN,PENDIENTE,Centro 
130,24/02/2024,CLI068,retiro,$4111.48,EUR,,
131,27/06/2024,CLI010,retiro,1307.38,,DESCONOCIDO,  Los Santos
132,16/09/2024,CLI015, DEPOSITO ,2737.25,PAN,RECHAZADA,Colon
133,2024-08-10,  CLI071  ,retiro,689.05,,APROBADA,Panama Viejo
134,2024-02-05,CLI026,deposito,$1784.72,,,Centro 
135,27/07/2024,CLI020,TRANFERENCIA,$1841.74,,RECHAZADA,  Los Santos
136,2024-08-30,  CLI067  ,retiro,1088.27,USD,,  Los Santos
137,2024-05-01,CLI088,TRANSFERENCIA,368.72,EUR,,  Los Santos
138,05/10/2024,CLI075,deposito,4581.2,USD,RECHAZADA,Panama Viejo
139,2024-10-28,CLI066,retiro,3590.26,,APROBADA,Colon
140,21/07/2024,CLI008,DEPOSITO,781.8,,,  Los Santos
141,2024-05-22,CLI066,retiro,3416.94,,DESCONOCIDO,  Los Santos
142,2024-02-05,CLI073,RETIRO,4529.04,PAN,DESCONOCIDO,
143,2024-07-10,  CLI060  ,TRANSFERENCIA,1432.01,,DESCONOCIDO,Panama Viejo
144,2024-03-12,CLI040,retiro,2839.05,,DESCONOCIDO,
145,13/11/2024,CLI051,TRANSFERENCIA,$289.05,,RECHAZADA,Centro 
146,2024-11-23,CLI001, DEPOSITO ,1674.44,,APROBADA,Colon
147,2024-10-22,CLI075,deposito,2024.26,,PENDIENTE,Panama Viejo
148,25/12/2024,  CLI055  ,TRANFERENCIA,4335.91,,,Colon
149,2024-12-25,CLI009,DEPOSITO,3229.17,USD,APROBADA,  Los Santos
150,2024-06-30,CLI008,retiro,-41.68,,,Panama Viejo
151,01/04/2024,CLI009,RETIRO,1850.68,USD,,  Los Santos
152,2024-04-18,CLI061, DEPOSITO ,110.03,EUR,,  Los Santos
153,23/04/2024,  CLI053  , DEPOSITO ,662.86,EUR,,Centro 
154,2024-03-28,  CLI018  ,TRANFERENCIA,1026.07,PAN,PENDIENTE,
155,26/04/2024,CLI094,DEPOSITO,$3660.58,USD,PENDIENTE,Centro 
156,2024-04-29,CLI054,deposito,2172.64,PAN,RECHAZADA,  Los Santos
157,2024-03-05,CLI049,RETIRO,2474.12,,PENDIENTE,Centro 
158,2024-05-05,CLI049,TRANFERENCIA,1377.89,USD,,Colon
159,2024-03-14,CLI088,DEPOSITO,574.16,,,Centro 
160,2024-08-17,CLI070,RETIRO,$2861.49,EUR,PENDIENTE,Colon
161,2024-08-04,  CLI045  ,retiro,$2001.96,,RECHAZADA,Centro 
162,2024-06-01,  CLI069  ,TRANSFERENCIA,$2514.1,EUR,PENDIENTE,Centro 
163,2024-07-24,CLI017,RETIRO,564.91,,DESCONOCIDO,Colon
164,14/04/2024,CLI029,deposito,$2800.89,USD,,Centro 
165,23/02/2024,CLI097, DEPOSITO ,3226.47,,APROBADA,Panama Viejo
166,2024-05-03,  CLI039  ,deposito,3041.58,USD,RECHAZADA,  Los Santos
167,13/01/2024,CLI093, DEPOSITO ,1155.85,,RECHAZADA,  Los Santos
168,2024-05-05,CLI069,deposito,$3886.09,,DESCONOCIDO,  Los Santos
169,2024-03-12,CLI030,DEPOSITO,4613.1,PAN,PENDIENTE,Colon
170,2024-04-22,CLI045,deposito,$3362.02,EUR,RECHAZADA,Centro 
171,2024-05-30,  CLI025  ,retiro,1676.37,USD,DESCONOCIDO,
172,2024-02-19,CLI093,DEPOSITO,2928.77,,,Centro 
173,2024-10-14,CLI005,TRANSFERENCIA,$1531.05,,DESCONOCIDO,Colon
174,2024-09-28,CLI054,deposito,3042.73,,PENDIENTE,
175,07/12/2024,CLI003,DEPOSITO,2155.27,PAN,,Centro 
176,2024-04-22,CLI009,DEPOSITO,$233.94,,APROBADA,  Los Santos
177,2024-07-16,  CLI005  ,retiro,918.39,EUR,APROBADA,Colon
178,2024-01-17,CLI087,retiro,3764.44,EUR,PENDIENTE,  Los Santos
179,07/12/2024,CLI007,TRANSFERENCIA,473.1,USD,PENDIENTE,
180,2024-09-27,CLI006,deposito,$4745.22,PAN,,Centro 
181,2024-07-25,CLI030,RETIRO,4330.64,PAN,PENDIENTE,Centro 
182,2024-01-30,CLI097,retiro,-29.96,,,Centro 
183,2024-08-31,CLI008,TRANFERENCIA,467.52,,PENDIENTE,  Los Santos
184,2024-07-02,  CLI038  ,TRANSFERENCIA,16.02,PAN,PENDIENTE,Panama Viejo
185,17/03/2024,CLI094,DEPOSITO,2643.83,,PENDIENTE,
186,2024-10-16,CLI074,RETIRO,2568.66,EUR,,Centro 
187,2024-02-10,CLI087,deposito,2363.43,USD,RECHAZADA,Centro 
188,02/05/2024,CLI031,deposito,620.87,USD,PENDIENTE,Colon
189,2024-01-26,CLI019,retiro,-6.22,PAN,RECHAZADA,Panama Viejo
190,2024-08-20,CLI067,deposito,3283.99,,RECHAZADA,  Los Santos
191,2024-10-04,CLI039,retiro,$859.9,,,Colon
192,2024-10-31,CLI072, DEPOSITO ,3924.86,,PENDIENTE,Colon
193,2024-10-22,CLI095,DEPOSITO,170.73,,APROBADA,Panama Viejo
194,07/02/2024,CLI081, DEPOSITO ,-57.5,,DESCONOCIDO,Panama Viejo
195,2024-10-28,CLI072,RETIRO,1283.68,PAN,,  Los Santos
196,2024-10-26,CLI045,TRANSFERENCIA,3266.51,USD,,Panama Viejo
197,2024-04-05,CLI086, DEPOSITO ,-2.7,USD,,
198,2024-03-22,CLI068,TRANFERENCIA,3212.0,PAN,DESCONOCIDO,Colon
199,05/07/2024,CLI054,TRANSFERENCIA,1841.58,PAN,APROBADA,
200,2024-07-05,CLI039,deposito,407.98,,APROBADA,
201,17/06/2024,CLI097,retiro,4320.54,,APROBADA,  Los Santos
202,2024-07-14,CLI031,DEPOSITO,850.73,,RECHAZADA,Centro 
203,24/06/2024,CLI039,RETIRO,2235.73,,RECHAZADA,Centro 
204,2024-10-28,CLI019,DEPOSITO,9.59,EUR,RECHAZADA,Centro 
205,2024-12-18,CLI008, DEPOSITO ,2600.02,,RECHAZADA,Centro 
206,2024-09-20,CLI054, DEPOSITO ,1906.34,USD,,Colon
207,08/02/2024,CLI018,DEPOSITO,1668.58,PAN,,Panama Viejo
208,2024-03-19,CLI033,retiro,3088.68,,RECHAZADA,  Los Santos
209,19/06/2024,CLI083,RETIRO,4889.05,PAN,,Panama Viejo
210,2024-03-21,  CLI058  ,TRANFERENCIA,4040.65,PAN,DESCONOCIDO,  Los Santos
211,19/05/2024,CLI012,TRANSFERENCIA,4381.25,PAN,DESCONOCIDO,
212,15/05/2024,CLI025,deposito,4055.78,,,Panama Viejo
213,2024-01-17,  CLI049  , DEPOSITO ,$2779.15,EUR,,Colon
214,2024-07-23,CLI078, DEPOSITO ,673.71,EUR,DESCONOCIDO,  Los Santos
215,2024-01-13,  CLI010  ,DEPOSITO,3250.35,PAN,APROBADA,Colon
216,2024-08-23,  CLI098  ,TRANSFERENCIA,$1917.21,EUR,RECHAZADA,Panama Viejo
217,2024-05-20,CLI086,TRANFERENCIA,3023.49,,,  Los Santos
218,2024-04-24,CLI062, DEPOSITO ,1059.88,,,Centro 
219,2024-08-04,CLI043,retiro,679.02,USD,PENDIENTE,Colon
220,08/12/2024,CLI002, DEPOSITO ,4539.65,PAN,PENDIENTE,  Los Santos
221,26/12/2024,CLI025,deposito,2665.39,EUR,,Panama Viejo
222,2024-05-20,CLI016,retiro,606.74,USD,,
223,2024-09-16,CLI097,TRANFERENCIA,3980.54,USD,PENDIENTE,
224,03/06/2024,CLI032,DEPOSITO,1475.89,USD,,  Los Santos
225,08/08/2024,CLI091,deposito,2571.41,USD,,
226,2024-10-22,CLI031,deposito,$4978.47,,APROBADA,Centro 
227,09/11/2024,CLI100,DEPOSITO,640.28,,PENDIENTE,Panama Viejo
228,19/05/2024,CLI060,TRANFERENCIA,4577.27,,RECHAZADA,
229,2024-02-06,CLI046, DEPOSITO ,2742.44,,,Panama Viejo
230,02/01/2024,CLI047,deposito,503.78,PAN,PENDIENTE,Colon
231,2024-05-30,CLI064,deposito,4386.15,,,Centro 
232,2024-03-12,CLI093,TRANFERENCIA,3803.72,,,
233,2024-11-27,CLI041,RETIRO,2011.6,,,Colon
234,2024-10-28,CLI048,retiro,2159.32,PAN,,Panama Viejo
235,2024-07-13,CLI006, DEPOSITO ,4460.06,PAN,PENDIENTE,  Los Santos
236,2024-11-26,CLI029,DEPOSITO,1296.36,,,Centro 
237,2024-11-28,CLI003,TRANSFERENCIA,444.53,PAN,RECHAZADA,Centro 
238,19/06/2024,CLI075,retiro,3788.48,,RECHAZADA,
239,14/04/2024,CLI054,TRANFERENCIA,1261.0,,,
240,06/03/2024,CLI026,deposito,1077.65,USD,,Colon
241,05/06/2024,CLI049,TRANSFERENCIA,3405.63,,RECHAZADA,Panama Viejo
242,2024-11-19,CLI032,TRANFERENCIA,3409.52,,PENDIENTE,Centro 
243,2024-08-27,CLI084,TRANFERENCIA,2461.86,,,Centro 
244,2024-07-16,CLI044, DEPOSITO ,3531.3,USD,PENDIENTE,Colon
245,17/03/2024,CLI063,RETIRO,4245.86,USD,,  Los Santos
246,2024-06-10,CLI083,TRANFERENCIA,601.31,PAN,APROBADA,Panama Viejo
247,2024-11-30,CLI059,TRANFERENCIA,64.37,USD,DESCONOCIDO,  Los Santos
248,14/04/2024,  CLI046  ,deposito,-23.43,PAN,APROBADA,  Los Santos
249,2024-11-01,  CLI093  ,DEPOSITO,2006.52,,,Colon
250,2024-09-14,CLI024,TRANSFERENCIA,4940.04,EUR,DESCONOCIDO,Colon
251,14/04/2024,CLI070,retiro,237.3,,PENDIENTE,Panama Viejo
252,25/12/2024,CLI008, DEPOSITO ,4926.7,,PENDIENTE,  Los Santos
253,2024-07-12,CLI010,TRANSFERENCIA,2398.71,USD,,  Los Santos
254,2024-09-03,CLI086,retiro,2233.48,PAN,PENDIENTE,  Los Santos
255,25/10/2024,  CLI001  ,TRANFERENCIA,1964.82,,,  Los Santos
256,2024-03-06,CLI081,retiro,$3679.31,EUR,,Colon
257,09/10/2024,CLI091,TRANFERENCIA,1495.78,EUR,RECHAZADA,  Los Santos
258,2024-07-04,  CLI028  ,retiro,3686.59,,APROBADA,Centro 
259,24/05/2024,CLI048,RETIRO,2578.68,,,Centro 
260,2024-03-06,  CLI082  ,retiro,3913.29,USD,DESCONOCIDO,Centro 
261,2024-10-04,CLI079,TRANSFERENCIA,2203.21,USD,APROBADA,Panama Viejo
262,2024-05-15,CLI085,TRANSFERENCIA,116.32,,DESCONOCIDO,  Los Santos
263,2024-08-22,CLI001,retiro,2545.38,USD,RECHAZADA,Colon
264,27/01/2024,CLI053,TRANFERENCIA,3649.37,USD,,
265,21/03/2024,  CLI068  ,retiro,2532.25,EUR,,Centro 
266,2024-01-08,CLI069,TRANFERENCIA,151.41,PAN,,Centro 
267,2024-05-14,CLI003,deposito,1930.0,,DESCONOCIDO,
268,2024-05-14,CLI090,retiro,4120.87,EUR,DESCONOCIDO,  Los Santos
269,12/04/2024,CLI023,TRANSFERENCIA,2054.56,EUR,RECHAZADA,  Los Santos
270,17/12/2024,  CLI013  ,DEPOSITO,178.19,,PENDIENTE,Centro 
271,13/05/2024,CLI031,TRANSFERENCIA,625.42,EUR,,Centro 
272,27/09/2024,  CLI068  ,deposito,2203.66,EUR,RECHAZADA,Colon
273,26/11/2024,CLI046,deposito,477.18,EUR,APROBADA,
274,16/03/2024,CLI051,retiro,4683.0,USD,,  Los Santos
275,2024-12-16,  CLI052  ,TRANSFERENCIA,590.06,,PENDIENTE,Panama Viejo
276,2024-02-08,CLI032, DEPOSITO ,2199.52,,DESCONOCIDO,  Los Santos
277,2024-05-06,CLI029, DEPOSITO ,2910.61,,APROBADA,Panama Viejo
278,09/06/2024,CLI011,TRANSFERENCIA,929.85,USD,APROBADA,Colon
279,2024-09-21,CLI084, DEPOSITO ,1175.42,,,  Los Santos
280,17/12/2024,CLI012, DEPOSITO ,4526.53,,APROBADA,Panama Viejo
281,22/03/2024,CLI049,deposito,3563.71,PAN,,  Los Santos
282,02/10/2024,CLI008,DEPOSITO,$579.68,EUR,PENDIENTE,  Los Santos
283,2024-07-10,CLI090,RETIRO,1751.01,,RECHAZADA,
284,2024-02-26,  CLI064  ,retiro,1858.85,,APROBADA,Centro 
285,20/01/2024,CLI083,RETIRO,2509.5,USD,DESCONOCIDO,Panama Viejo
286,15/09/2024,CLI073, DEPOSITO ,1831.26,USD,RECHAZADA,Centro 
287,2024-02-04,CLI013,RETIRO,3818.13,,RECHAZADA,Colon
288,2024-07-29,CLI006,TRANSFERENCIA,2784.01,,,
289,2024-04-26,CLI089,RETIRO,665.46,EUR,APROBADA,Panama Viejo
290,2024-02-13,CLI061, DEPOSITO ,812.22,,APROBADA,Centro 
291,15/12/2024,CLI010,retiro,2039.87,EUR,,Panama Viejo
292,2024-11-01,CLI036,TRANSFERENCIA,3820.02,USD,RECHAZADA,
293,2024-10-09,CLI073, DEPOSITO ,3094.91,,DESCONOCIDO,Centro 
294,08/05/2024,CLI023,DEPOSITO,$666.54,,PENDIENTE,Colon
295,02/06/2024,CLI041, DEPOSITO ,3075.06,,APROBADA,  Los Santos
296,2024-10-09,  CLI027  ,DEPOSITO,2239.08,PAN,APROBADA,Panama Viejo
297,13/11/2024,CLI097,TRANFERENCIA,2671.86,,,
298,2024-09-28,CLI051, DEPOSITO ,$4414.69,,PENDIENTE,  Los Santos
299,2024-05-03,CLI039,TRANFERENCIA,2903.2,,APROBADA,Panama Viejo
300,24/03/2024,  CLI031  , DEPOSITO ,1991.77,EUR,DESCONOCIDO,Centro 
301,2024-07-10,CLI050,deposito,$3004.51,PAN,DESCONOCIDO,Centro 
302,2024-11-23,CLI070,RETIRO,2691.44,USD,APROBADA,Colon
303,2024-11-07,CLI097, DEPOSITO ,2743.5,,RECHAZADA,  Los Santos
304,2024-04-18,CLI089, DEPOSITO ,149.49,PAN,PENDIENTE,
305,2024-03-12,CLI065,TRANSFERENCIA,$3269.85,USD,,
306,2024-11-23,CLI045,retiro,$4270.61,USD,PENDIENTE,
307,2024-09-27,  CLI056  ,TRANFERENCIA,4173.87,,,
308,2024-05-03,CLI010,TRANSFERENCIA,4593.96,PAN,DESCONOCIDO,
309,2024-07-23,CLI099,TRANFERENCIA,$2090.62,PAN,,Colon
310,23/07/2024,CLI077,TRANFERENCIA,3327.66,USD,,Panama Viejo
311,2024-03-21,CLI100,TRANSFERENCIA,3426.72,,,
312,2024-12-01,CLI082,deposito,3915.27,,RECHAZADA,Centro 
313,2024-12-22,CLI058,DEPOSITO,2222.22,USD,APROBADA,Colon
314,2024-12-03,CLI046,RETIRO,4650.55,,APROBADA,
315,2024-05-16,CLI049,retiro,$1503.48,USD,APROBADA,Colon
316,22/05/2024,CLI088, DEPOSITO ,1832.59,,PENDIENTE,Centro 
317,2024-01-08,CLI049,TRANFERENCIA,$2142.35,PAN,,Colon
318,24/02/2024,  CLI080  , DEPOSITO ,1393.45,,,Panama Viejo
319,20/11/2024,CLI032,TRANFERENCIA,$3476.15,,DESCONOCIDO,Centro 
320,25/02/2024,CLI011,retiro,2587.97,USD,DESCONOCIDO,Centro 
321,08/04/2024,CLI049,retiro,3448.73,EUR,PENDIENTE,Colon
322,2024-03-24,CLI082, DEPOSITO ,457.44,EUR,,Panama Viejo
323,2024-02-10,  CLI050  ,deposito,3107.79,,,Panama Viejo
324,2024-11-21,CLI014,retiro,2366.68,PAN,RECHAZADA,Panama Viejo
325,2024-01-17,  CLI040  , DEPOSITO ,4662.85,,DESCONOCIDO,  Los Santos
326,2024-08-17,CLI098,TRANFERENCIA,1364.66,USD,PENDIENTE,Panama Viejo
327,2024-06-15,CLI017,TRANSFERENCIA,1514.09,,,
328,2024-08-20,  CLI056  ,RETIRO,4974.62,,,
329,2024-02-27,CLI072,retiro,561.54,EUR,RECHAZADA,Centro 
330,2024-05-01,CLI014,RETIRO,2550.5,EUR,,Panama Viejo
331,2024-05-22,  CLI046  ,RETIRO,2411.77,,,  Los Santos
332,14/08/2024,CLI077,deposito,3007.97,EUR,RECHAZADA,Panama Viejo
333,2024-10-31,CLI042,TRANSFERENCIA,4894.21,EUR,RECHAZADA,Colon
334,19/12/2024,CLI002,TRANSFERENCIA,$129.69,EUR,DESCONOCIDO,  Los Santos
335,23/04/2024,CLI050,deposito,501.42,,,Centro 
336,2024-04-22,CLI093,DEPOSITO,3977.78,,PENDIENTE,Centro 
337,12/08/2024,CLI032,retiro,2011.61,,DESCONOCIDO,  Los Santos
338,2024-07-05,CLI022,RETIRO,2758.12,EUR,RECHAZADA,Panama Viejo
339,06/03/2024,CLI022,TRANSFERENCIA,-42.38,EUR,,
340,2024-08-04,  CLI039  ,retiro,1336.3,USD,PENDIENTE,Panama Viejo
341,16/03/2024,CLI019,RETIRO,1469.64,PAN,DESCONOCIDO,Colon
342,2024-04-03,  CLI056  ,RETIRO,1552.01,EUR,RECHAZADA,Panama Viejo
343,2024-04-27,CLI039,TRANSFERENCIA,$3432.32,PAN,DESCONOCIDO,Colon
344,2024-12-18,CLI010,DEPOSITO,3594.42,,RECHAZADA,  Los Santos
345,2024-09-01,CLI032,TRANFERENCIA,48.5,USD,,  Los Santos
346,06/03/2024,CLI064,retiro,1585.63,EUR,RECHAZADA,Panama Viejo
347,2024-12-28,CLI026,retiro,3329.61,,DESCONOCIDO,Colon
348,2024-08-19,CLI018,deposito,3966.0,EUR,,Centro 
349,2024-03-11,CLI051,retiro,2355.63,PAN,,Centro 
350,2024-01-13,CLI080,TRANSFERENCIA,4449.5,EUR,RECHAZADA,  Los Santos
351,2024-05-06,CLI043, DEPOSITO ,1609.06,,PENDIENTE,Centro 
352,2024-09-05,CLI056,TRANSFERENCIA,2011.16,EUR,DESCONOCIDO,Centro 
353,13/01/2024,CLI084,RETIRO,4159.04,USD,,
354,27/09/2024,CLI018,RETIRO,3597.32,USD,DESCONOCIDO,
355,27/07/2024,CLI078,DEPOSITO,2633.02,,APROBADA,  Los Santos
356,08/05/2024,CLI026,deposito,3396.02,,APROBADA,Panama Viejo
357,13/05/2024,CLI023,TRANSFERENCIA,4428.95,EUR,,Panama Viejo
358,2024-11-28,CLI041,deposito,4845.03,PAN,RECHAZADA,  Los Santos
359,2024-05-16,CLI089,DEPOSITO,58.98,USD,PENDIENTE,
360,2024-10-06,CLI074,RETIRO,3095.21,USD,RECHAZADA,Colon
361,2024-01-10,CLI042,RETIRO,2812.01,USD,,Centro 
362,31/03/2024,CLI051,TRANSFERENCIA,2935.48,USD,PENDIENTE,  Los Santos
363,2024-01-02,CLI073,TRANSFERENCIA,3732.86,EUR,APROBADA,Panama Viejo
364,13/12/2024,  CLI070  ,RETIRO,1503.95,USD,,  Los Santos
365,2024-10-08,  CLI099  , DEPOSITO ,$2075.21,,,Centro 
366,2024-02-16,CLI094,deposito,1111.98,EUR,PENDIENTE,Panama Viejo
367,2024-12-26,CLI091,TRANFERENCIA,4748.71,PAN,,Colon
368,22/03/2024,CLI038, DEPOSITO ,1441.82,PAN,DESCONOCIDO,Panama Viejo
369,2024-12-23,CLI009,TRANFERENCIA,$3926.87,USD,PENDIENTE,Colon
370,23/03/2024,CLI053,DEPOSITO,4558.1,EUR,APROBADA,Panama Viejo
371,2024-04-19,CLI018,retiro,27.17,USD,APROBADA,  Los Santos
372,2024-09-17,CLI031,deposito,2450.28,,DESCONOCIDO,Centro 
373,15/05/2024,CLI020,TRANFERENCIA,4610.55,USD,RECHAZADA,
374,13/01/2024,CLI049,retiro,2570.5,USD,,
375,07/02/2024,  CLI077  ,retiro,630.8,PAN,PENDIENTE,  Los Santos
376,2024-07-23,CLI052,TRANFERENCIA,4092.91,USD,APROBADA,
377,17/09/2024,CLI089,retiro,3351.26,,,Centro 
378,2024-07-16,CLI005,TRANSFERENCIA,$3625.61,PAN,RECHAZADA,
379,15/12/2024,CLI047,TRANFERENCIA,3539.75,EUR,DESCONOCIDO,Colon
380,2024-11-02,CLI069,TRANFERENCIA,-79.04,EUR,APROBADA,
381,2024-05-03,CLI011,TRANSFERENCIA,3403.97,,,Panama Viejo
382,2024-06-30,  CLI032  ,deposito,344.09,,DESCONOCIDO,Panama Viejo
383,2024-04-18,CLI046,RETIRO,135.31,PAN,RECHAZADA,Centro 
384,2024-07-13,  CLI079  ,TRANFERENCIA,3260.82,,APROBADA,Panama Viejo
385,2024-10-26,  CLI083  , DEPOSITO ,2845.56,,APROBADA,  Los Santos
386,09/11/2024,CLI052,TRANSFERENCIA,4449.89,USD,RECHAZADA,Panama Viejo
387,2024-02-27,CLI043, DEPOSITO ,881.98,USD,,
388,2024-01-28,CLI056,deposito,1527.66,,PENDIENTE,Panama Viejo
389,19/01/2024,  CLI013  ,DEPOSITO,500.02,,APROBADA,Colon
390,25/12/2024,CLI066,TRANFERENCIA,$1375.45,,,
391,15/12/2024,CLI072,RETIRO,$3118.5,USD,,  Los Santos
392,2024-09-28,CLI074,deposito,953.54,EUR,APROBADA,  Los Santos
393,2024-06-08,CLI048,TRANFERENCIA,1524.27,USD,PENDIENTE,Colon
394,01/10/2024,CLI099,RETIRO,$3524.72,USD,RECHAZADA,
395,27/12/2024,CLI089,TRANFERENCIA,1148.61,USD,APROBADA,Panama Viejo
396,07/12/2024,CLI045,deposito,$3070.18,EUR,,Centro 
397,2024-02-02,CLI062,DEPOSITO,2162.6,,RECHAZADA,  Los Santos
398,2024-10-23,  CLI054  ,DEPOSITO,$2358.97,,,Panama Viejo
399,2024-08-04,CLI011,retiro,440.23,,DESCONOCIDO,  Los Santos
400,2024-06-10,  CLI094  , DEPOSITO ,$2138.06,,,
401,2024-11-12,  CLI040  ,TRANFERENCIA,2940.22,EUR,,Centro 
402,2024-07-29,CLI027,TRANSFERENCIA,4164.49,,,Centro 
403,2024-09-12,CLI045,DEPOSITO,3043.21,,DESCONOCIDO,Centro 
404,2024-12-10,CLI057,deposito,4068.95,PAN,PENDIENTE,
405,2024-05-06,CLI058,retiro,3321.44,,RECHAZADA,Centro 
406,2024-04-05,CLI039,TRANFERENCIA,4865.78,,APROBADA,Colon
407,2024-02-08,  CLI091  , DEPOSITO ,2275.05,PAN,APROBADA,Panama Viejo
408,2024-05-22,  CLI044  ,retiro,$4066.13,PAN,,Panama Viejo
409,2024-05-16,CLI087,TRANFERENCIA,2288.21,USD,,Centro 
410,2024-09-16,CLI095, DEPOSITO ,3390.84,USD,DESCONOCIDO,Centro 
411,27/12/2024,CLI023,RETIRO,2273.52,USD,PENDIENTE,Centro 
412,05/12/2024,CLI043,deposito,1041.35,USD,RECHAZADA,  Los Santos
413,2024-05-01,CLI060,TRANSFERENCIA,3046.4,,APROBADA,Panama Viejo
414,09/11/2024,CLI052,DEPOSITO,1899.59,,PENDIENTE,Centro 
415,2024-10-22,CLI024,DEPOSITO,3292.42,PAN,DESCONOCIDO,Centro 
416,2024-12-04,CLI056, DEPOSITO ,4400.26,,PENDIENTE,  Los Santos
417,06/10/2024,CLI095,deposito,54.35,,RECHAZADA,
418,2024-11-07,CLI026,retiro,1692.35,EUR,,
419,2024-12-25,CLI055,RETIRO,771.09,,RECHAZADA,Centro 
420,2024-05-14,CLI091,RETIRO,2982.65,,DESCONOCIDO,Colon
421,2024-08-04,CLI036,TRANSFERENCIA,$523.63,USD,,Panama Viejo
422,27/09/2024,CLI009,retiro,3963.46,PAN,,
423,17/06/2024,CLI069,deposito,3212.2,EUR,RECHAZADA,Panama Viejo
424,08/12/2024,  CLI042  ,DEPOSITO,2617.0,EUR,RECHAZADA,  Los Santos
425,14/11/2024,  CLI015  ,retiro,2008.55,USD,PENDIENTE,Centro 
426,08/02/2024,CLI063,deposito,2694.54,USD,APROBADA,
427,2024-09-14,CLI082,retiro,1857.46,USD,RECHAZADA,Panama Viejo
428,17/06/2024,CLI050,retiro,4050.97,,,Panama Viejo
429,2024-01-11,CLI076, DEPOSITO ,3900.0,,RECHAZADA,Centro 
430,2024-11-21,  CLI046  ,retiro,3915.37,EUR,RECHAZADA,  Los Santos
431,08/07/2024,CLI080,retiro,1104.39,,,Centro 
432,2024-04-17,  CLI087  ,DEPOSITO,297.26,EUR,DESCONOCIDO,Centro 
433,14/10/2024,CLI039,TRANFERENCIA,2828.36,PAN,APROBADA,Panama Viejo
434,2024-06-06,CLI076,DEPOSITO,2920.03,EUR,RECHAZADA,Centro 
435,23/07/2024,  CLI018  , DEPOSITO ,2730.95,,PENDIENTE,
436,2024-05-05,CLI031,TRANSFERENCIA,798.49,USD,RECHAZADA,
437,2024-07-08,CLI024,DEPOSITO,255.0,USD,PENDIENTE,Centro 
438,2024-05-31,CLI019, DEPOSITO ,$4072.19,,RECHAZADA,Panama Viejo
439,2024-11-27,CLI054,deposito,1832.45,,PENDIENTE,  Los Santos
440,25/12/2024,CLI074,TRANSFERENCIA,3266.84,,PENDIENTE,Panama Viejo
441,2024-12-11,CLI024,retiro,$4087.0,,APROBADA,  Los Santos
442,2024-05-01,CLI069,deposito,4506.61,,,Colon
443,2024-04-07,CLI083,deposito,-99.06,EUR,,Colon
444,2024-10-08,CLI023,DEPOSITO,$754.59,EUR,PENDIENTE,Colon
445,25/10/2024,CLI063,TRANSFERENCIA,1888.91,PAN,APROBADA,Centro 
446,13/01/2024,CLI024, DEPOSITO ,897.9,EUR,RECHAZADA,  Los Santos
447,2024-05-04,CLI058,deposito,1514.65,EUR,RECHAZADA,Centro 
448,14/04/2024,CLI046,TRANFERENCIA,4557.34,EUR,,Centro 
449,2024-02-27,CLI063,RETIRO,4711.0,,DESCONOCIDO,Panama Viejo
450,02/06/2024,  CLI050  ,retiro,4911.16,,APROBADA,Panama Viejo
451,08/03/2024,CLI065,TRANFERENCIA,355.37,,,Centro 
452,2024-04-18,CLI053, DEPOSITO ,$4932.24,EUR,DESCONOCIDO,
453,09/11/2024,CLI054, DEPOSITO ,550.53,,DESCONOCIDO,Centro 
454,2024-04-07,CLI057,TRANSFERENCIA,1783.04,EUR,RECHAZADA,  Los Santos
455,2024-04-07,CLI011,TRANFERENCIA,170.95,EUR,DESCONOCIDO,Colon
456,2024-07-21,CLI098,deposito,4085.84,PAN,,
457,2024-12-28,CLI005,deposito,4292.36,USD,DESCONOCIDO,Centro 
458,07/02/2024,CLI069,DEPOSITO,1099.73,,,
459,2024-03-25,CLI100,DEPOSITO,1910.77,EUR,,Centro 
460,2024-05-14,CLI096,retiro,1852.23,EUR,DESCONOCIDO,Colon
461,2024-07-27,CLI064,deposito,2680.11,EUR,,Centro 
462,2024-08-04,CLI015,TRANFERENCIA,2321.84,,RECHAZADA,Panama Viejo
463,2024-02-11,CLI035,TRANSFERENCIA,1861.43,PAN,,  Los Santos
464,2024-03-12,CLI047, DEPOSITO ,4183.81,,DESCONOCIDO,
465,2024-07-27,CLI097,TRANFERENCIA,4987.03,USD,RECHAZADA,  Los Santos
466,2024-11-06,  CLI093  ,TRANSFERENCIA,584.81,PAN,DESCONOCIDO,
467,2024-10-03,CLI028,TRANSFERENCIA,$88.38,USD,PENDIENTE,
468,2024-10-01,CLI014,retiro,2382.18,PAN,PENDIENTE,Centro 
469,2024-10-14,CLI084,deposito,4950.11,PAN,,Centro 
470,28/08/2024,CLI039,RETIRO,$3214.79,PAN,,Centro 
471,2024-10-02,CLI005,RETIRO,2225.75,,PENDIENTE,Centro 
472,2024-06-21,CLI045, DEPOSITO ,2982.59,PAN,,
473,2024-02-19,CLI012,RETIRO,816.97,,RECHAZADA,  Los Santos
474,2024-11-17,CLI016,RETIRO,2715.46,,,Panama Viejo
475,2024-07-10,CLI031, DEPOSITO ,1712.07,,DESCONOCIDO,Centro 
476,2024-12-11,CLI095, DEPOSITO ,2983.32,USD,RECHAZADA,
477,13/10/2024,CLI045, DEPOSITO ,4218.7,PAN,,
478,2024-02-22,CLI079,TRANFERENCIA,2458.82,,DESCONOCIDO,
479,2024-02-01,CLI022,TRANFERENCIA,2685.45,,RECHAZADA,Panama Viejo
480,2024-01-26,CLI027,deposito,4888.99,,,Centro 
481,2024-05-22,CLI008,deposito,3494.9,,,Colon
482,2024-12-11,CLI069,TRANSFERENCIA,$2412.85,,,Colon
483,14/04/2024,CLI069,DEPOSITO,624.65,,APROBADA,Panama Viejo
484,06/03/2024,  CLI091  ,DEPOSITO,4916.25,,PENDIENTE,Centro 
485,2024-03-28,CLI074, DEPOSITO ,3872.24,,RECHAZADA,Panama Viejo
486,2024-05-31,CLI066,deposito,299.0,,APROBADA,  Los Santos
487,2024-03-04,CLI087,TRANSFERENCIA,351.08,PAN,RECHAZADA,
488,2024-08-02,CLI018,DEPOSITO,3682.6,,APROBADA,  Los Santos
489,2024-09-14,CLI053,retiro,298.22,,DESCONOCIDO,Centro 
490,2024-12-23,CLI036,DEPOSITO,3970.3,USD,,
491,09/10/2024,CLI017,retiro,169.15,USD,DESCONOCIDO,Panama Viejo
492,13/05/2024,CLI017,TRANFERENCIA,3870.49,,,
493,2024-10-29,CLI092,TRANSFERENCIA,2514.58,USD,RECHAZADA,
494,2024-06-01,CLI032,deposito,3642.45,EUR,RECHAZADA,Panama Viejo
495,2024-08-24,CLI087,retiro,4798.96,,,Centro 
496,08/02/2024,CLI019,TRANSFERENCIA,1374.96,PAN,,Centro 
497,2024-02-06,CLI035,retiro,$4615.09,PAN,,
498,2024-08-20,CLI049,deposito,3607.56,USD,DESCONOCIDO,Centro 
499,22/02/2024,CLI082,TRANSFERENCIA,213.23,USD,,Panama Viejo
500,2024-07-12,CLI099,TRANSFERENCIA,762.3,,RECHAZADA,  Los Santos
501,08/04/2024,  CLI066  ,TRANSFERENCIA,$4951.92,PAN,APROBADA,  Los Santos
502,2024-07-23,CLI089,DEPOSITO,3084.02,USD,DESCONOCIDO,Panama Viejo
503,2024-05-15,CLI048,RETIRO,320.8,,RECHAZADA,Panama Viejo
504,2024-08-31,CLI063,RETIRO,4242.37,,RECHAZADA,Colon
505,2024-08-02,CLI001, DEPOSITO ,575.95,USD,,Centro 
506,2024-06-09,CLI094,deposito,4275.08,USD,DESCONOCIDO,Colon
507,2024-08-04,  CLI059  , DEPOSITO ,$566.63,EUR,,
508,17/06/2024,CLI090,DEPOSITO,2918.03,,RECHAZADA,  Los Santos
509,2024-02-10,CLI009, DEPOSITO ,2177.93,USD,,Centro 
510,14/05/2024,CLI051,TRANFERENCIA,1232.39,PAN,,
511,2024-05-01,CLI055,deposito,2373.08,PAN,,Centro 
512,2024-11-17,CLI064,TRANSFERENCIA,4296.27,PAN,PENDIENTE,  Los Santos
513,2024-01-21,CLI037,TRANSFERENCIA,330.45,PAN,RECHAZADA,  Los Santos
514,25/12/2024,CLI074,deposito,$4670.37,USD,PENDIENTE,Colon
515,28/06/2024,  CLI063  ,RETIRO,2429.34,,APROBADA,Panama Viejo
516,2024-09-27,CLI088,retiro,3828.88,PAN,DESCONOCIDO,Colon
517,2024-01-14,CLI006, DEPOSITO ,2144.94,USD,APROBADA,Panama Viejo
518,2024-07-12,  CLI059  ,TRANFERENCIA,975.37,,RECHAZADA,  Los Santos
519,2024-09-05,  CLI021  ,DEPOSITO,1659.89,EUR,,
520,2024-08-04,CLI001,deposito,3752.97,,APROBADA,Panama Viejo
521,2024-02-27,CLI055,RETIRO,$846.33,,RECHAZADA,  Los Santos
522,2024-02-20,CLI089,TRANFERENCIA,1436.97,,APROBADA,Colon
523,2024-11-21,CLI084,DEPOSITO,3737.38,EUR,,Colon
524,2024-02-19,CLI036,DEPOSITO,1836.98,EUR,,Colon
525,2024-12-18,  CLI047  ,DEPOSITO,2320.41,,DESCONOCIDO,Colon
526,14/08/2024,CLI048,deposito,$4352.69,USD,RECHAZADA,
527,2024-02-03,CLI084,DEPOSITO,$4636.84,USD,APROBADA,  Los Santos
528,2024-12-15,  CLI051  ,retiro,3360.32,,,Colon
529,21/01/2024,CLI093,TRANSFERENCIA,3382.67,,RECHAZADA,Colon
530,2024-03-12,CLI030,retiro,$4589.38,,,Colon
531,02/06/2024,CLI012,TRANFERENCIA,4776.54,,RECHAZADA,Panama Viejo
532,2024-01-31,CLI001,deposito,4582.01,USD,RECHAZADA,Panama Viejo
533,2024-08-10,CLI010,deposito,1608.33,USD,RECHAZADA,Panama Viejo
534,2024-11-06,  CLI029  ,TRANFERENCIA,401.21,,RECHAZADA,  Los Santos
535,2024-03-05,CLI057,deposito,1894.88,,PENDIENTE,Centro 
536,2024-12-09,  CLI090  , DEPOSITO ,3720.36,,,
537,2024-06-23,CLI016,TRANSFERENCIA,2902.49,USD,RECHAZADA,Centro 
538,2024-01-17,CLI055,RETIRO,1620.77,PAN,,Colon
539,2024-12-19,CLI062, DEPOSITO ,817.57,EUR,APROBADA,
540,2024-01-04,  CLI050  , DEPOSITO ,3331.29,EUR,DESCONOCIDO,
541,2024-10-03,  CLI014  ,TRANSFERENCIA,-39.0,,PENDIENTE,Centro 
542,2024-02-01,  CLI048  ,deposito,$528.5,USD,RECHAZADA,  Los Santos
543,2024-09-07,CLI018,deposito,1019.02,,PENDIENTE,
544,2024-08-17,CLI097,TRANSFERENCIA,884.71,PAN,,
545,2024-03-12,CLI083,deposito,$468.79,USD,,
546,02/10/2024,CLI019,retiro,3248.69,,,  Los Santos
547,15/05/2024,  CLI073  , DEPOSITO ,4747.49,EUR,,Centro 
548,2024-07-04,  CLI084  , DEPOSITO ,3511.18,EUR,,
549,2024-02-22,  CLI045  ,retiro,$4283.64,,APROBADA,
550,2024-01-21,CLI081,RETIRO,$3285.41,PAN,PENDIENTE,
551,2024-01-28,CLI053,deposito,2786.95,,DESCONOCIDO,  Los Santos
552,2024-07-04,CLI057,deposito,4469.61,PAN,,
553,2024-06-10,CLI012,RETIRO,1192.01,EUR,DESCONOCIDO,Centro 
554,2024-11-23,CLI018,TRANFERENCIA,4674.53,USD,,Centro 
555,2024-10-03,CLI076,retiro,4605.75,PAN,APROBADA,
556,2024-09-27,CLI045,TRANFERENCIA,2077.62,,,Panama Viejo
557,2024-02-14,CLI041, DEPOSITO ,3826.39,PAN,RECHAZADA,  Los Santos
558,2024-02-22,CLI032,deposito,726.03,,PENDIENTE,Centro 
559,2024-06-22,CLI011,TRANSFERENCIA,$3887.76,USD,PENDIENTE,
560,2024-02-21,CLI077,RETIRO,1596.54,,PENDIENTE,  Los Santos
561,2024-08-22,CLI078,deposito,$4778.47,EUR,,Panama Viejo
562,2024-04-18,CLI089,DEPOSITO,2146.93,PAN,APROBADA,Panama Viejo
563,2024-12-09,  CLI085  ,TRANSFERENCIA,4635.79,,APROBADA,Centro 
564,20/03/2024,CLI027,DEPOSITO,810.06,EUR,PENDIENTE,
565,2024-07-13,CLI066,RETIRO,633.75,EUR,APROBADA,
566,14/07/2024,  CLI051  ,TRANFERENCIA,1013.77,EUR,RECHAZADA,Centro 
567,10/06/2024,CLI007,TRANSFERENCIA,4554.31,,APROBADA,  Los Santos
568,2024-09-07,CLI031,deposito,426.76,,,Centro 
569,2024-01-02,CLI015,deposito,$2861.01,PAN,,Centro 
570,2024-03-20,CLI082,DEPOSITO,2174.0,USD,PENDIENTE,Colon
571,2024-04-12,CLI068,TRANFERENCIA,659.16,USD,DESCONOCIDO,
572,2024-04-21,CLI002,TRANSFERENCIA,4657.76,USD,DESCONOCIDO,Centro 
573,07/05/2024,CLI041,retiro,1258.83,,DESCONOCIDO,Centro 
574,04/08/2024,  CLI073  ,deposito,4513.55,,PENDIENTE,Panama Viejo
575,30/11/2024,CLI070, DEPOSITO ,2528.45,USD,PENDIENTE,Panama Viejo
576,2024-04-08,CLI098, DEPOSITO ,2402.47,PAN,,Panama Viejo
577,2024-04-11,CLI099,RETIRO,4204.65,,,  Los Santos
578,2024-05-08,  CLI076  ,deposito,3905.45,USD,PENDIENTE,Colon
579,2024-05-01,  CLI034  ,RETIRO,-83.13,USD,APROBADA,  Los Santos
580,2024-04-21,CLI008,retiro,4071.68,,DESCONOCIDO,Panama Viejo
581,2024-03-26,CLI051,TRANSFERENCIA,2792.94,,PENDIENTE,Panama Viejo
582,2024-10-14,CLI081,retiro,1730.48,,,  Los Santos
583,2024-07-10,CLI099, DEPOSITO ,1943.14,,RECHAZADA,Centro 
584,25/12/2024,CLI090,deposito,4790.0,USD,PENDIENTE,
585,25/02/2024,CLI082,TRANSFERENCIA,$2677.79,,RECHAZADA,Centro 
586,2024-04-27,CLI079,TRANFERENCIA,310.33,,DESCONOCIDO,Panama Viejo
587,2024-03-12,  CLI011  ,deposito,3809.19,,,Colon
588,2024-09-17,CLI066,TRANSFERENCIA,800.75,EUR,,Centro 
589,2024-06-08,CLI020,TRANFERENCIA,$1926.98,PAN,PENDIENTE,
590,28/08/2024,CLI051,deposito,3449.0,EUR,,Panama Viejo
591,2024-01-23,CLI098,deposito,3116.15,,,
592,2024-02-05,CLI088,retiro,332.8,EUR,,Colon
593,2024-05-14,CLI040,deposito,3650.15,PAN,DESCONOCIDO,
594,2024-10-01,CLI094,DEPOSITO,$973.53,,,
595,2024-05-05,CLI031,RETIRO,2924.02,,RECHAZADA,Colon
596,28/06/2024,  CLI012  ,DEPOSITO,221.26,USD,APROBADA,Panama Viejo
597,2024-10-18,CLI015,retiro,1469.43,PAN,,Colon
598,25/10/2024,CLI078,RETIRO,4154.68,EUR,,Centro 
599,2024-02-27,  CLI086  ,RETIRO,4978.75,,,
600,2024-03-06,CLI095,TRANSFERENCIA,$289.71,,,Colon
601,2024-03-02,  CLI002  , DEPOSITO ,118.35,EUR,,
602,2024-10-23,CLI090,DEPOSITO,$4037.45,PAN,RECHAZADA,Centro 
603,2024-05-22,  CLI064  ,RETIRO,2237.69,EUR,PENDIENTE,  Los Santos
604,15/10/2024,CLI067, DEPOSITO ,4358.7,,,Panama Viejo
605,2024-11-27,CLI093, DEPOSITO ,$2900.94,,RECHAZADA,  Los Santos
606,05/01/2024,CLI048,deposito,88.08,,,Centro 
607,2024-08-22,  CLI100  ,deposito,$3272.62,,DESCONOCIDO,Panama Viejo
608,2024-08-27,CLI094,RETIRO,4581.9,,DESCONOCIDO,Colon
609,2024-11-01,CLI099,RETIRO,$3509.47,EUR,APROBADA,
610,23/07/2024,CLI043, DEPOSITO ,$869.52,USD,,
611,2024-09-12,CLI035,DEPOSITO,$1543.61,PAN,,Colon
612,2024-07-23,CLI034,DEPOSITO,2226.54,USD,DESCONOCIDO,  Los Santos
613,2024-03-11,CLI074,retiro,2914.32,PAN,PENDIENTE,Panama Viejo
614,2024-03-12,CLI064,RETIRO,442.29,,,
615,24/11/2024,CLI047,retiro,3975.79,,DESCONOCIDO,Centro 
616,2024-03-08,  CLI073  ,DEPOSITO,4002.71,USD,,
617,2024-06-14,  CLI021  ,retiro,4038.76,,RECHAZADA,Panama Viejo
618,2024-07-08,CLI014,DEPOSITO,3359.83,PAN,PENDIENTE,Centro 
619,2024-02-27,CLI087,RETIRO,4876.85,USD,,Centro 
620,20/01/2024,CLI030,RETIRO,600.38,EUR,RECHAZADA,Centro 
621,2024-10-02,CLI001,TRANFERENCIA,3944.82,EUR,RECHAZADA,Panama Viejo
622,2024-07-04,  CLI002  ,retiro,2924.73,,DESCONOCIDO,
623,2024-02-01,CLI061,deposito,515.8,USD,,Centro 
624,2024-11-23,CLI020,DEPOSITO,$2081.62,USD,PENDIENTE,  Los Santos
625,17/06/2024,  CLI005  , DEPOSITO ,2722.38,,RECHAZADA,Colon
626,2024-01-30,CLI092,retiro,4620.95,EUR,PENDIENTE,Centro 
627,2024-12-09,CLI054,RETIRO,$508.84,PAN,DESCONOCIDO,Colon
628,23/01/2024,CLI032,DEPOSITO,3023.45,,,Panama Viejo
629,2024-08-12,CLI093,deposito,-20.29,,APROBADA,  Los Santos
630,2024-02-05,CLI010,TRANFERENCIA,-67.62,,,Colon
631,09/12/2024,CLI016,TRANFERENCIA,354.62,USD,,Panama Viejo
632,2024-09-05,CLI007,RETIRO,4423.27,USD,PENDIENTE,Centro 
633,07/09/2024,  CLI067  , DEPOSITO ,4017.8,PAN,APROBADA,  Los Santos
634,05/01/2024,CLI052,retiro,3431.03,,,
635,2024-02-27,  CLI060  , DEPOSITO ,3163.11,PAN,DESCONOCIDO,Colon
636,2024-06-10,CLI100, DEPOSITO ,2001.36,USD,PENDIENTE,Colon
637,2024-12-09,CLI042,RETIRO,3013.74,,RECHAZADA,Panama Viejo
638,20/03/2024,  CLI059  ,retiro,$908.2,USD,DESCONOCIDO,Centro 
639,2024-04-20,  CLI026  ,RETIRO,4746.52,PAN,,  Los Santos
640,2024-04-11,CLI039, DEPOSITO ,3891.17,,APROBADA,
641,05/11/2024,CLI032,TRANSFERENCIA,-76.69,EUR,APROBADA,Centro 
642,2024-10-22,CLI076,deposito,499.29,,,  Los Santos
643,2024-12-18,CLI099,retiro,387.99,,,  Los Santos
644,2024-10-10,CLI094,RETIRO,3781.75,,,  Los Santos
645,2024-01-23,CLI098,TRANSFERENCIA,1018.31,EUR,,Centro 
646,07/03/2024,CLI020,DEPOSITO,3262.57,,RECHAZADA,Panama Viejo
647,2024-12-09,  CLI053  ,RETIRO,887.97,,PENDIENTE,Panama Viejo
648,2024-10-03,  CLI070  ,TRANFERENCIA,3394.74,EUR,,
649,2024-11-27,CLI089,deposito,2319.51,EUR,RECHAZADA,Panama Viejo
650,20/03/2024,CLI043,TRANSFERENCIA,3317.73,PAN,RECHAZADA,Centro 
651,2024-11-23,  CLI085  ,RETIRO,$3227.86,PAN,DESCONOCIDO,Colon
652,23/01/2024,CLI095,DEPOSITO,2116.83,,PENDIENTE,Panama Viejo
653,08/12/2024,CLI014,deposito,4006.28,,,Centro 
654,20/01/2024,CLI031,retiro,120.92,,RECHAZADA,
655,2024-06-22,CLI008,DEPOSITO,4616.79,,APROBADA,Centro 
656,2024-02-10,CLI019, DEPOSITO ,3906.01,EUR,RECHAZADA,Colon
657,2024-10-03,CLI012,deposito,491.93,PAN,,  Los Santos
658,2024-03-28,  CLI030  ,DEPOSITO,3579.16,PAN,RECHAZADA,Colon
659,2024-03-11,CLI067,deposito,1562.46,EUR,DESCONOCIDO,
660,2024-03-06,CLI048,DEPOSITO,3351.95,,PENDIENTE,  Los Santos
661,2024-03-02,CLI096,retiro,3872.77,PAN,,Centro 
662,2024-05-15,  CLI013  , DEPOSITO ,400.13,USD,,Colon
663,2024-02-26,CLI082,TRANFERENCIA,4336.42,,DESCONOCIDO,
664,2024-07-05,CLI010, DEPOSITO ,1025.38,,APROBADA,Centro 
665,20/11/2024,CLI008,retiro,2370.48,USD,RECHAZADA,Panama Viejo
666,05/10/2024,CLI017,deposito,639.2,USD,PENDIENTE,
667,2024-02-21,CLI034,TRANSFERENCIA,2220.45,,RECHAZADA,
668,2024-03-20,CLI051,DEPOSITO,595.66,EUR,PENDIENTE,Panama Viejo
669,17/06/2024,CLI095,deposito,3123.31,EUR,,Panama Viejo
670,01/04/2024,CLI058,RETIRO,931.28,PAN,PENDIENTE,Centro 
671,2024-01-23,CLI010, DEPOSITO ,$3464.13,EUR,,
672,14/11/2024,CLI018, DEPOSITO ,$691.14,EUR,APROBADA,Colon
673,2024-07-27,CLI075,TRANSFERENCIA,2238.75,EUR,APROBADA,Panama Viejo
674,2024-08-04,  CLI014  ,retiro,1652.24,PAN,,Panama Viejo
675,14/08/2024,  CLI060  , DEPOSITO ,2978.54,PAN,APROBADA,
676,2024-04-11,CLI016, DEPOSITO ,3153.8,EUR,,  Los Santos
677,20/01/2024,CLI099,retiro,766.67,EUR,DESCONOCIDO,Panama Viejo
678,2024-07-18,CLI040,DEPOSITO,4260.52,EUR,APROBADA,  Los Santos
679,2024-01-28,CLI016,DEPOSITO,$4286.3,,,  Los Santos
680,2024-02-27,  CLI088  ,deposito,4977.89,EUR,APROBADA,
681,14/10/2024,CLI091,RETIRO,4168.64,,,Colon
682,2024-12-28,CLI006,TRANFERENCIA,3623.09,,DESCONOCIDO,
683,27/07/2024,CLI042,RETIRO,1157.94,USD,,Panama Viejo
684,2024-07-25,  CLI092  ,TRANFERENCIA,2855.28,USD,DESCONOCIDO,  Los Santos
685,17/09/2024,CLI046,TRANSFERENCIA,2918.04,,PENDIENTE,  Los Santos
686,07/12/2024,CLI007,RETIRO,$2872.77,USD,PENDIENTE,Panama Viejo
687,24/04/2024,CLI034,retiro,$4901.12,,PENDIENTE,Centro 
688,2024-01-29,CLI023, DEPOSITO ,$2358.56,,PENDIENTE,Centro 
689,2024-02-06,  CLI052  ,retiro,71.46,USD,DESCONOCIDO,Panama Viejo
690,2024-06-30,CLI072,DEPOSITO,2344.27,PAN,DESCONOCIDO,Colon
691,2024-08-22,CLI032,DEPOSITO,4088.59,EUR,,
692,2024-02-01,  CLI014  ,retiro,1126.61,,DESCONOCIDO,Centro 
693,08/12/2024,CLI018,retiro,-36.64,,,
694,23/07/2024,  CLI008  ,TRANSFERENCIA,4744.66,PAN,PENDIENTE,Colon
695,27/02/2024,CLI029,TRANSFERENCIA,$1485.99,,APROBADA,
696,2024-02-26,  CLI052  ,RETIRO,362.72,,PENDIENTE,Panama Viejo
697,21/05/2024,CLI081,retiro,1454.67,EUR,RECHAZADA,Centro 
698,2024-12-09,CLI011,RETIRO,4275.4,USD,APROBADA,Centro 
699,2024-10-28,CLI034, DEPOSITO ,24.51,EUR,PENDIENTE,  Los Santos
700,2024-07-25,CLI010,TRANSFERENCIA,3836.36,USD,,
701,2024-01-26,  CLI009  ,TRANSFERENCIA,1967.34,USD,,Centro 
702,23/01/2024,  CLI083  ,RETIRO,1789.14,PAN,DESCONOCIDO,  Los Santos
703,07/02/2024,CLI017,retiro,3130.35,,APROBADA,  Los Santos
704,2024-02-20,  CLI043  , DEPOSITO ,260.56,PAN,,Centro 
705,2024-03-11,  CLI060  ,TRANSFERENCIA,1597.82,EUR,DESCONOCIDO,Centro 
706,2024-10-01,  CLI074  , DEPOSITO ,$2135.25,,RECHAZADA,Panama Viejo
707,19/04/2024,CLI093,deposito,4725.09,USD,,  Los Santos
708,13/10/2024,CLI004,TRANSFERENCIA,3951.84,EUR,,Colon
709,2024-08-30,CLI055,deposito,312.89,USD,PENDIENTE,  Los Santos
710,02/06/2024,  CLI028  ,RETIRO,3652.38,,,
711,07/12/2024,CLI036,TRANSFERENCIA,$4727.16,,,Panama Viejo
712,2024-05-22,CLI020,TRANSFERENCIA,4428.69,PAN,PENDIENTE,Centro 
713,2024-10-01,  CLI080  ,retiro,$1834.3,,PENDIENTE,Centro 
714,2024-08-04,CLI083, DEPOSITO ,1764.41,EUR,RECHAZADA,Colon
715,25/02/2024,CLI053, DEPOSITO ,2749.83,USD,DESCONOCIDO,Centro 
716,2024-02-10,CLI062,retiro,$3549.59,PAN,DESCONOCIDO,
717,2024-11-25,  CLI036  , DEPOSITO ,4904.38,,,Colon
718,2024-07-02,CLI054,deposito,479.14,EUR,APROBADA,
719,2024-10-16,  CLI068  ,retiro,4689.65,EUR,PENDIENTE,
720,2024-10-01,CLI070,RETIRO,4791.43,EUR,APROBADA,Centro 
721,2024-02-14,CLI049,RETIRO,3699.59,,,  Los Santos
722,2024-07-02,CLI046,TRANSFERENCIA,1698.83,,RECHAZADA,
723,22/02/2024,CLI063,TRANSFERENCIA,3369.16,EUR,PENDIENTE,
724,27/12/2024,CLI073,deposito,223.18,,,  Los Santos
725,2024-07-21,CLI050,retiro,2379.76,,PENDIENTE,Panama Viejo
726,2024-01-11,CLI004,retiro,525.82,,,Colon
727,2024-08-04,CLI029,RETIRO,3359.37,EUR,APROBADA,  Los Santos
728,2024-03-11,  CLI100  ,TRANFERENCIA,1390.55,EUR,PENDIENTE,
729,2024-02-22,CLI061,DEPOSITO,3979.51,EUR,DESCONOCIDO,Panama Viejo
730,2024-05-30,CLI099,DEPOSITO,4024.86,EUR,DESCONOCIDO,Panama Viejo
731,2024-02-21,CLI030,RETIRO,234.7,,DESCONOCIDO,Panama Viejo
732,2024-10-23,CLI013,TRANFERENCIA,2235.16,PAN,DESCONOCIDO,Panama Viejo
733,10/10/2024,CLI031,deposito,$4490.75,,DESCONOCIDO,  Los Santos
734,2024-12-19,CLI095,DEPOSITO,4778.8,,,
735,16/09/2024,  CLI029  ,RETIRO,$1386.95,EUR,RECHAZADA,Centro 
736,02/05/2024,CLI050,DEPOSITO,2431.28,PAN,RECHAZADA,
737,2024-02-10,CLI023,DEPOSITO,2555.51,PAN,APROBADA,  Los Santos
738,2024-04-27,  CLI076  ,TRANSFERENCIA,1395.16,EUR,,Centro 
739,2024-10-26,CLI095,TRANFERENCIA,2661.32,,,  Los Santos
740,2024-11-26,CLI076,retiro,$1740.03,,DESCONOCIDO,Centro 
741,02/01/2024,  CLI090  ,deposito,3187.89,,,  Los Santos
742,2024-12-09,CLI073,retiro,221.04,,APROBADA,Colon
743,25/05/2024,CLI073,retiro,1084.87,,,Centro 
744,28/06/2024,CLI064,TRANFERENCIA,3187.83,,RECHAZADA,Colon
745,2024-02-19,CLI023, DEPOSITO ,1648.24,EUR,,Panama Viejo
746,2024-01-25,CLI012,retiro,1564.16,,,
747,2024-08-27,  CLI078  ,deposito,3454.0,,DESCONOCIDO,Colon
748,06/03/2024,CLI068,RETIRO,2170.81,EUR,RECHAZADA,Centro 
749,2024-09-05,CLI043,retiro,572.97,USD,PENDIENTE,Panama Viejo
750,06/08/2024,CLI026, DEPOSITO ,775.86,EUR,APROBADA,
751,2024-04-22,CLI044,TRANSFERENCIA,2369.64,USD,,
752,2024-08-04,CLI042,DEPOSITO,3825.72,,RECHAZADA,Panama Viejo
753,2024-12-10,  CLI019  ,retiro,$1772.07,EUR,RECHAZADA,Centro 
754,2024-09-21,CLI019,deposito,748.45,USD,,  Los Santos
755,2024-04-07,CLI068,RETIRO,3530.24,EUR,,  Los Santos
756,2024-05-22,CLI010,RETIRO,4863.35,USD,APROBADA,
757,2024-09-28,CLI085,DEPOSITO,3433.58,EUR,PENDIENTE,Colon
758,13/05/2024,CLI013,RETIRO,682.77,,,Panama Viejo
759,2024-07-14,CLI042,DEPOSITO,109.87,USD,APROBADA,Colon
760,2024-12-12,  CLI021  ,RETIRO,545.01,,DESCONOCIDO,  Los Santos
761,2024-11-13,CLI056,TRANFERENCIA,840.93,USD,DESCONOCIDO,Centro 
762,2024-11-25,CLI063, DEPOSITO ,76.91,USD,,Centro 
763,2024-05-30,CLI023,TRANSFERENCIA,1653.62,,RECHAZADA,Colon
764,17/04/2024,CLI072,TRANSFERENCIA,2653.32,PAN,RECHAZADA,Panama Viejo
765,02/05/2024,CLI079,retiro,1437.95,,PENDIENTE,  Los Santos
766,2024-08-07,CLI029,deposito,1963.27,,DESCONOCIDO,Centro 
767,2024-09-24,CLI023, DEPOSITO ,641.46,EUR,APROBADA,Panama Viejo
768,2024-06-25,CLI094,DEPOSITO,1533.11,,APROBADA,  Los Santos
769,2024-10-25,CLI017,DEPOSITO,$3695.09,,,
770,2024-10-03,  CLI001  ,RETIRO,1589.53,EUR,,  Los Santos
771,28/06/2024,CLI074, DEPOSITO ,2316.94,USD,APROBADA,Colon
772,2024-11-21,CLI099,TRANFERENCIA,4714.45,,,Colon
773,2024-07-13,CLI005,TRANSFERENCIA,2826.01,USD,DESCONOCIDO,Centro 
774,2024-08-14,  CLI041  ,TRANFERENCIA,$2830.51,EUR,DESCONOCIDO,
775,2024-10-09,CLI079,RETIRO,2154.74,EUR,,
776,2024-04-18,CLI073,retiro,3631.37,,,Panama Viejo
777,2024-04-29,  CLI064  ,RETIRO,611.06,PAN,,  Los Santos
778,2024-09-06,  CLI096  ,TRANFERENCIA,1471.22,PAN,PENDIENTE,Panama Viejo
779,2024-04-24,  CLI045  ,retiro,4188.47,USD,,Centro 
780,2024-04-24,CLI022,RETIRO,371.65,USD,,Centro 
781,2024-06-23,CLI012,TRANSFERENCIA,$3210.15,USD,PENDIENTE,Colon
782,2024-08-02,CLI086,DEPOSITO,1032.93,USD,,  Los Santos
783,2024-05-15,CLI043,DEPOSITO,1317.43,PAN,,Panama Viejo
784,2024-02-20,CLI034,TRANSFERENCIA,$2696.68,USD,DESCONOCIDO,
785,2024-07-25,CLI089,TRANFERENCIA,3324.94,PAN,,Colon
786,2024-12-15,  CLI033  , DEPOSITO ,$2563.82,EUR,RECHAZADA,Panama Viejo
787,17/12/2024,CLI093,TRANFERENCIA,1520.56,USD,APROBADA,  Los Santos
788,23/07/2024,  CLI050  ,TRANFERENCIA,4711.35,,APROBADA,
789,14/07/2024,CLI054, DEPOSITO ,1741.43,PAN,APROBADA,Centro 
790,23/03/2024,CLI053,retiro,$4270.48,USD,,
791,2024-08-04,CLI049,retiro,1801.44,USD,DESCONOCIDO,  Los Santos
792,2024-11-05,CLI049,TRANFERENCIA,1691.91,PAN,,Panama Viejo
793,2024-12-15,  CLI062  ,deposito,4358.94,PAN,APROBADA,Centro 
794,01/10/2024,CLI074, DEPOSITO ,$3641.99,EUR,PENDIENTE,  Los Santos
795,2024-02-06,CLI088, DEPOSITO ,4962.25,PAN,DESCONOCIDO,Colon
796,06/10/2024,CLI058,TRANFERENCIA,1372.03,PAN,DESCONOCIDO,Colon
797,13/05/2024,  CLI005  ,deposito,4848.84,,,Panama Viejo
798,2024-01-30,CLI041,deposito,4471.79,USD,APROBADA,Centro 
799,2024-09-16,CLI014,retiro,$2940.03,PAN,APROBADA,Panama Viejo
800,2024-08-24,  CLI022  ,DEPOSITO,$1046.84,,,  Los Santos
801,15/05/2024,CLI021,DEPOSITO,4324.38,EUR,DESCONOCIDO,Panama Viejo
802,16/09/2024,CLI071,DEPOSITO,237.19,EUR,DESCONOCIDO,  Los Santos
803,20/01/2024,CLI012,retiro,3756.18,,RECHAZADA,Centro 
804,2024-02-17,CLI079,TRANFERENCIA,$2053.21,PAN,PENDIENTE,Panama Viejo
805,03/06/2024,CLI091,retiro,2014.02,USD,,Colon
806,2024-06-14,  CLI084  ,RETIRO,3522.26,USD,,Centro 
807,2024-05-15,  CLI056  ,TRANSFERENCIA,598.33,EUR,,Panama Viejo
808,28/08/2024,  CLI013  ,TRANFERENCIA,1847.02,EUR,,Panama Viejo
809,22/05/2024,CLI025,deposito,115.39,EUR,RECHAZADA,  Los Santos
810,2024-10-16,CLI071,DEPOSITO,4156.38,EUR,PENDIENTE,
811,2024-05-20,CLI094, DEPOSITO ,2752.33,PAN,,
812,2024-10-25,CLI085,RETIRO,36.88,,PENDIENTE,Panama Viejo
813,2024-03-14,CLI031,DEPOSITO,$1320.76,PAN,APROBADA,Panama Viejo
814,2024-08-04,  CLI051  ,retiro,4154.64,,DESCONOCIDO,  Los Santos
815,2024-09-05,CLI063, DEPOSITO ,3234.45,,DESCONOCIDO,Centro 
816,08/12/2024,  CLI047  ,DEPOSITO,2027.5,PAN,PENDIENTE,Colon
817,2024-04-01,  CLI012  ,TRANFERENCIA,3408.0,EUR,PENDIENTE,Centro 
818,2024-04-07,CLI085,deposito,508.71,,,
819,2024-11-02,CLI062,TRANSFERENCIA,4971.1,PAN,APROBADA,Centro 
820,28/08/2024,  CLI004  ,TRANFERENCIA,$3730.37,EUR,,
821,2024-02-20,CLI082,RETIRO,2784.43,USD,,Colon
822,2024-03-26,CLI011,TRANFERENCIA,3102.78,,,Colon
823,14/11/2024,CLI015,retiro,3440.65,PAN,,Centro 
824,2024-02-06,CLI051,TRANFERENCIA,$2567.5,,RECHAZADA,Colon
825,22/11/2024,CLI085,deposito,4210.93,PAN,DESCONOCIDO,
826,2024-12-22,CLI083,RETIRO,198.4,,APROBADA,Centro 
827,2024-06-30,CLI024, DEPOSITO ,4379.42,,DESCONOCIDO,Colon
828,20/03/2024,CLI049,TRANFERENCIA,$824.91,EUR,,
829,2024-10-03,CLI058,RETIRO,2039.52,EUR,PENDIENTE,Centro 
830,25/05/2024,  CLI057  ,RETIRO,1715.52,,,  Los Santos
831,2024-10-11,CLI029,RETIRO,2601.02,EUR,PENDIENTE,
832,2024-04-29,CLI073,retiro,2520.72,USD,,Colon
833,2024-02-08,  CLI097  ,RETIRO,834.56,EUR,PENDIENTE,Colon
834,2024-11-17,CLI013,DEPOSITO,$3765.62,,DESCONOCIDO,Centro 
835,2024-11-17,  CLI045  ,TRANFERENCIA,4349.46,PAN,RECHAZADA,  Los Santos
836,2024-04-22,CLI053,retiro,3393.33,,,  Los Santos
837,2024-07-24,CLI076,retiro,3395.76,USD,RECHAZADA,
838,2024-01-23,CLI008,retiro,388.75,,,
839,05/02/2024,CLI067, DEPOSITO ,4098.91,EUR,,Colon
840,2024-12-26,CLI069,deposito,$2595.67,EUR,,Centro 
841,2024-05-16,CLI061,DEPOSITO,2372.99,,APROBADA,
842,2024-04-18,CLI031,deposito,4545.02,PAN,DESCONOCIDO,Centro 
843,15/12/2024,CLI011,retiro,$781.23,PAN,RECHAZADA,
844,2024-04-12,CLI092,deposito,860.93,,PENDIENTE,Colon
845,2024-10-10,  CLI074  ,TRANFERENCIA,3028.48,EUR,PENDIENTE,
846,2024-07-27,CLI074,TRANFERENCIA,2580.83,EUR,DESCONOCIDO,Panama Viejo
847,2024-02-02,CLI080,TRANFERENCIA,2710.68,USD,,Panama Viejo
848,17/06/2024,  CLI097  ,deposito,481.23,,DESCONOCIDO,Colon
849,2024-06-23,CLI022,TRANFERENCIA,289.64,EUR,DESCONOCIDO,Colon
850,2024-03-22,CLI025,TRANFERENCIA,4609.39,PAN,,  Los Santos
851,2024-09-17,  CLI055  ,RETIRO,1489.02,PAN,PENDIENTE,Colon
852,17/04/2024,  CLI088  ,RETIRO,4066.9,USD,,Colon
853,2024-02-28,CLI081,retiro,2948.01,USD,DESCONOCIDO,Panama Viejo
854,01/04/2024,  CLI077  ,DEPOSITO,1644.43,EUR,,Centro 
855,2024-01-26,CLI094, DEPOSITO ,46.67,PAN,PENDIENTE,Centro 
856,2024-04-25,CLI009,deposito,1034.03,EUR,,Colon
857,03/06/2024,  CLI072  ,deposito,626.03,,RECHAZADA,Centro 
858,07/12/2024,CLI042,deposito,539.26,,,Colon
859,2024-09-05,CLI067,TRANSFERENCIA,$402.24,PAN,RECHAZADA,Colon
860,10/06/2024,CLI002,retiro,3898.55,,DESCONOCIDO,  Los Santos
861,2024-12-03,CLI080,RETIRO,$3875.71,PAN,PENDIENTE,
862,2024-02-26,CLI054,TRANFERENCIA,116.84,PAN,APROBADA,Panama Viejo
863,2024-08-22,  CLI020  ,retiro,$3967.35,,,Colon
864,14/10/2024,  CLI076  ,deposito,202.25,EUR,,  Los Santos
865,2024-02-21,CLI013,retiro,$1272.53,PAN,,Panama Viejo
866,2024-07-13,CLI073,DEPOSITO,$3341.26,,DESCONOCIDO,
867,2024-09-16,CLI037,RETIRO,3890.09,PAN,,
868,2024-05-18,CLI045,retiro,947.55,EUR,PENDIENTE,
869,09/10/2024,CLI034,TRANSFERENCIA,842.39,EUR,APROBADA,
870,2024-07-27,CLI063,retiro,362.97,USD,APROBADA,Centro 
871,2024-11-27,CLI061,RETIRO,4703.41,,,Panama Viejo
872,2024-08-24,  CLI036  ,deposito,1673.97,,RECHAZADA,Panama Viejo
873,2024-04-29,CLI080,RETIRO,2453.24,USD,APROBADA,Colon
874,21/07/2024,CLI089,deposito,1133.29,EUR,RECHAZADA,Colon
875,2024-10-26,CLI051,retiro,405.44,,,Panama Viejo
876,17/12/2024,CLI043,TRANSFERENCIA,-28.68,,,
877,2024-12-23,CLI007,deposito,876.89,EUR,APROBADA,Centro 
878,2024-09-06,CLI035,RETIRO,4498.47,,,Colon
879,2024-04-17,CLI003,retiro,4865.26,,,Colon
880,2024-12-09,CLI039,TRANSFERENCIA,$1077.94,,,Centro 
881,2024-02-02,CLI063, DEPOSITO ,3509.56,EUR,DESCONOCIDO,  Los Santos
882,2024-10-26,CLI088,RETIRO,2905.84,,APROBADA,Colon
883,2024-12-02,  CLI030  ,RETIRO,4784.51,,DESCONOCIDO,  Los Santos
884,2024-10-25,  CLI096  ,DEPOSITO,1709.59,USD,PENDIENTE,Colon
885,2024-03-22,CLI042,retiro,992.8,USD,DESCONOCIDO,  Los Santos
886,2024-07-08,CLI054,RETIRO,475.51,,DESCONOCIDO,Centro 
887,2024-03-06,CLI012,DEPOSITO,530.44,,APROBADA,Colon
888,23/02/2024,  CLI028  ,RETIRO,$688.2,,DESCONOCIDO,Centro 
889,2024-01-24,CLI053,RETIRO,3494.13,PAN,RECHAZADA,
890,2024-01-31,CLI098,deposito,107.1,,APROBADA,
891,2024-11-21,CLI048,TRANSFERENCIA,490.19,,DESCONOCIDO,Colon
892,2024-02-02,CLI066,RETIRO,2961.99,PAN,,
893,2024-04-20,CLI009,TRANFERENCIA,4878.51,USD,,Panama Viejo
894,2024-09-01,CLI065,RETIRO,2724.97,,DESCONOCIDO,Panama Viejo
895,2024-08-20,CLI100, DEPOSITO ,4262.36,,,Centro 
896,2024-03-22,CLI073,RETIRO,255.01,USD,PENDIENTE,  Los Santos
897,13/05/2024,  CLI025  ,deposito,2325.95,EUR,APROBADA,  Los Santos
898,2024-04-18,CLI026,TRANFERENCIA,814.42,,RECHAZADA,  Los Santos
899,17/06/2024,CLI032, DEPOSITO ,2407.41,EUR,PENDIENTE,
900,2024-07-05,  CLI007  ,deposito,$2195.91,PAN,,  Los Santos
901,2024-12-19,CLI091, DEPOSITO ,333.53,USD,DESCONOCIDO,
902,2024-05-18,  CLI048  , DEPOSITO ,$2009.12,PAN,,Panama Viejo
903,2024-11-21,CLI065,TRANSFERENCIA,418.78,,PENDIENTE,Colon
904,02/10/2024,CLI016,deposito,4887.05,PAN,,  Los Santos
905,2024-04-08,CLI031,deposito,$4876.29,USD,,
906,27/07/2024,CLI077,TRANSFERENCIA,2934.3,,,Colon
907,2024-09-27,CLI061,retiro,526.09,PAN,,Centro 
908,13/05/2024,CLI045,DEPOSITO,3598.52,,DESCONOCIDO,Centro 
909,13/11/2024,CLI034, DEPOSITO ,3538.82,PAN,,  Los Santos
910,19/05/2024,CLI089,deposito,1292.16,EUR,RECHAZADA,
911,09/11/2024,  CLI004  ,retiro,3183.54,PAN,,
912,2024-11-02,CLI021,deposito,2326.71,PAN,PENDIENTE,Colon
913,2024-04-30,CLI100,TRANSFERENCIA,1962.66,,APROBADA,  Los Santos
914,2024-03-25,CLI029,TRANSFERENCIA,1322.34,,APROBADA,
915,14/04/2024,CLI087,deposito,450.99,PAN,PENDIENTE,
916,24/04/2024,CLI084,TRANFERENCIA,2436.1,USD,,  Los Santos
917,2024-02-19,CLI003,RETIRO,586.5,,,
918,20/11/2024,CLI099,DEPOSITO,$273.73,PAN,APROBADA,Centro 
919,2024-11-07,CLI061,DEPOSITO,$3393.76,,,Panama Viejo
920,2024-07-13,CLI083,TRANFERENCIA,1851.43,EUR,,
921,2024-09-05,  CLI002  ,TRANFERENCIA,678.96,EUR,RECHAZADA,
922,22/02/2024,CLI078,RETIRO,391.3,EUR,,Colon
923,2024-03-22,CLI040,retiro,$3760.53,,,Centro 
924,2024-10-11,CLI091,retiro,3942.93,EUR,RECHAZADA,Panama Viejo
925,2024-02-01,CLI055,RETIRO,3276.68,,PENDIENTE,
926,19/04/2024,CLI045, DEPOSITO ,1234.49,EUR,,Centro 
927,2024-04-11,CLI028,TRANSFERENCIA,4284.33,USD,PENDIENTE,
928,2024-10-28,CLI087,retiro,4758.16,USD,,Colon
929,2024-10-04,CLI080,deposito,$2157.73,USD,APROBADA,Colon
930,2024-07-23,CLI014, DEPOSITO ,1856.51,PAN,APROBADA,Centro 
931,2024-10-17,  CLI085  ,TRANFERENCIA,1819.32,EUR,DESCONOCIDO,
932,2024-12-23,CLI048,TRANSFERENCIA,67.58,PAN,,Colon
933,2024-09-15,CLI077,TRANSFERENCIA,4287.84,EUR,RECHAZADA,Panama Viejo
934,2024-05-08,CLI039,retiro,3500.9,,,Panama Viejo
935,2024-02-11,CLI062,RETIRO,585.89,USD,APROBADA,
936,2024-11-16,  CLI036  ,RETIRO,2386.02,,,Panama Viejo
937,2024-05-20,CLI036, DEPOSITO ,$3378.37,,,  Los Santos
938,05/05/2024,CLI092,TRANSFERENCIA,3395.41,,,Colon
939,2024-04-29,CLI084,retiro,2327.15,EUR,PENDIENTE,
940,25/05/2024,CLI020,retiro,2484.09,PAN,,  Los Santos
941,09/10/2024,CLI031, DEPOSITO ,2422.92,EUR,,Centro 
942,2024-01-11,CLI077,DEPOSITO,3046.39,EUR,,Colon
943,07/09/2024,CLI041,RETIRO,4886.69,,,Panama Viejo
944,2024-04-18,CLI093,RETIRO,43.55,,APROBADA,Colon
945,2024-02-08,  CLI064  ,TRANSFERENCIA,$4186.3,,,Centro 
946,2024-06-23,CLI034,TRANSFERENCIA,3684.49,USD,DESCONOCIDO,Panama Viejo
947,29/02/2024,CLI052,RETIRO,$4457.8,,DESCONOCIDO,
948,2024-05-05,CLI005,retiro,396.49,EUR,RECHAZADA,Centro 
949,2024-04-08,CLI074,RETIRO,1722.57,,,  Los Santos
950,2024-07-29,CLI044,deposito,3272.32,PAN,RECHAZADA,Panama Viejo
951,22/08/2024,CLI029,TRANFERENCIA,3205.22,,,Centro 
952,24/06/2024,CLI082,TRANSFERENCIA,4542.98,EUR,,Colon
953,2024-02-14,CLI086,retiro,$1531.51,PAN,APROBADA,Panama Viejo
954,20/03/2024,CLI039,TRANFERENCIA,0.53,,APROBADA,  Los Santos
955,2024-10-03,CLI085,TRANSFERENCIA,2250.64,,RECHAZADA,  Los Santos
956,2024-04-21,CLI024,RETIRO,2797.05,PAN,APROBADA,
957,09/03/2024,CLI061,DEPOSITO,1259.76,PAN,,  Los Santos
958,2024-11-07,  CLI034  , DEPOSITO ,2898.75,EUR,DESCONOCIDO,Colon
959,05/05/2024,CLI072,retiro,1826.46,EUR,APROBADA,  Los Santos
960,14/11/2024,CLI024,TRANFERENCIA,2819.95,USD,DESCONOCIDO,Panama Viejo
961,2024-10-11,CLI043,retiro,410.29,USD,,Panama Viejo
962,2024-11-25,CLI029,DEPOSITO,1613.43,USD,PENDIENTE,Panama Viejo
963,2024-10-11,CLI096,RETIRO,3801.01,EUR,,Panama Viejo
964,2024-11-27,CLI054,DEPOSITO,3035.62,USD,PENDIENTE,  Los Santos
965,2024-02-18,CLI043,DEPOSITO,2123.55,,DESCONOCIDO,
966,08/05/2024,CLI075,TRANFERENCIA,4221.4,,APROBADA,Panama Viejo
967,04/08/2024,CLI016,deposito,4185.94,EUR,RECHAZADA,Panama Viejo
968,2024-03-06,CLI082,DEPOSITO,1365.51,USD,DESCONOCIDO,Colon
969,2024-02-27,CLI080,TRANSFERENCIA,$4981.18,PAN,,Centro 
970,2024-09-16,  CLI025  , DEPOSITO ,1052.02,USD,,Colon
971,2024-12-04,CLI088,DEPOSITO,368.98,PAN,,Colon
972,2024-08-10,CLI039,RETIRO,383.14,,PENDIENTE,Centro 
973,2024-08-12,CLI020,RETIRO,243.08,USD,,  Los Santos
974,2024-03-12,  CLI026  ,retiro,2323.87,EUR,,
975,10/10/2024,CLI073,TRANFERENCIA,3957.82,,,Centro 
976,21/03/2024,CLI059,TRANSFERENCIA,1439.42,EUR,DESCONOCIDO,Colon
977,2024-04-19,  CLI092  ,RETIRO,2107.84,,PENDIENTE,  Los Santos
978,2024-01-04,  CLI011  ,RETIRO,920.39,PAN,,
979,2024-08-12,CLI081,retiro,3087.32,PAN,RECHAZADA,  Los Santos
980,2024-02-20,CLI041,DEPOSITO,3793.56,USD,APROBADA,Colon
981,14/11/2024,CLI001, DEPOSITO ,-5.12,PAN,,Centro 
982,2024-05-15,CLI027,DEPOSITO,4299.82,PAN,RECHAZADA,Centro 
983,2024-10-08,CLI022,retiro,986.06,USD,RECHAZADA,
984,2024-09-20,CLI021,TRANFERENCIA,3685.26,PAN,RECHAZADA,Centro 
985,19/06/2024,CLI098,TRANSFERENCIA,4679.53,,,Panama Viejo
986,2024-01-17,CLI017,deposito,3033.55,,DESCONOCIDO,  Los Santos
987,2024-12-23,CLI082,TRANFERENCIA,2111.99,,,  Los Santos
988,04/08/2024,CLI055,deposito,3096.47,,RECHAZADA,
989,2024-06-15,CLI050,RETIRO,1757.8,,PENDIENTE,
990,2024-07-24,  CLI069  ,deposito,$760.86,,APROBADA,Centro 
991,2024-05-30,  CLI048  ,TRANFERENCIA,1431.41,EUR,,Centro 
992,2024-02-02,CLI042,retiro,1525.13,USD,APROBADA,Centro 
993,2024-05-15,CLI068,RETIRO,228.58,USD,RECHAZADA,Colon
994,2024-01-11,  CLI087  ,retiro,2003.44,USD,PENDIENTE,Panama Viejo
995,20/11/2024,  CLI094  ,retiro,3194.82,PAN,DESCONOCIDO,Centro 
996,2024-02-11,CLI089,retiro,2966.28,,PENDIENTE,
997,25/12/2024,CLI040,deposito,479.15,USD,APROBADA,
998,15/10/2024,  CLI050  ,deposito,1152.49,USD,RECHAZADA,Colon
999,2024-11-06,CLI040,retiro,2267.21,,PENDIENTE,Panama Viejo
1000,2024-07-14,  CLI006  ,TRANSFERENCIA,2124.28,EUR,,Colon
522,2024-02-20,CLI089,TRANFERENCIA,1436.97,,APROBADA,Colon
738,2024-04-27,  CLI076  ,TRANSFERENCIA,1395.16,EUR,,Centro 
741,02/01/2024,  CLI090  ,deposito,3187.89,,,  Los Santos
661,2024-03-02,CLI096,retiro,3872.77,PAN,,Centro 
412,05/12/2024,CLI043,deposito,1041.35,USD,RECHAZADA,  Los Santos
679,2024-01-28,CLI016,DEPOSITO,$4286.3,,,  Los Santos
627,2024-12-09,CLI054,RETIRO,$508.84,PAN,DESCONOCIDO,Colon
514,25/12/2024,CLI074,deposito,$4670.37,USD,PENDIENTE,Colon
860,10/06/2024,CLI002,retiro,3898.55,,DESCONOCIDO,  Los Santos
137,2024-05-01,CLI088,TRANSFERENCIA,368.72,EUR,,  Los Santos
812,2024-10-25,CLI085,RETIRO,36.88,,PENDIENTE,Panama Viejo
77,2024-09-06,CLI083,TRANSFERENCIA,1772.27,,RECHAZADA,
637,2024-12-09,CLI042,RETIRO,3013.74,,RECHAZADA,Panama Viejo
974,2024-03-12,  CLI026  ,retiro,2323.87,EUR,,
939,2024-04-29,CLI084,retiro,2327.15,EUR,PENDIENTE,
